{"columns": ["Date", "Narration", "Chq./Ref.No.", "Value Dt", "Withdrawal Amt.", "Deposit Amt.", "Closing Balance", "Categories"], "shape": [1000, 8], "summary_stats": {"Date": {"count": 1000, "unique": 92, "top": "130125", "freq": 19, "mean": NaN, "std": NaN, "min": NaN, "25%": NaN, "50%": NaN, "75%": NaN, "max": NaN}, "Narration": {"count": 1000, "unique": 1000, "top": "themselves measure black", "freq": 1, "mean": NaN, "std": NaN, "min": NaN, "25%": NaN, "50%": NaN, "75%": NaN, "max": NaN}, "Chq./Ref.No.": {"count": 1000.0, "unique": NaN, "top": NaN, "freq": NaN, "mean": 5473572895619.085, "std": 2611242471664.3184, "min": 1004154786169.0, "25%": 3201528804725.25, "50%": 5523154940550.5, "75%": 7662683071407.25, "max": 9999893193100.0}, "Value Dt": {"count": 1000, "unique": 92, "top": "130125", "freq": 19, "mean": NaN, "std": NaN, "min": NaN, "25%": NaN, "50%": NaN, "75%": NaN, "max": NaN}, "Withdrawal Amt.": {"count": 1000.0, "unique": NaN, "top": NaN, "freq": NaN, "mean": 10221.26973737374, "std": 3959.8800446516934, "min": 549.71, "25%": 10073.8575, "50%": 10221.26973737374, "75%": 10221.26973737374, "max": 19966.91}, "Deposit Amt.": {"count": 1000.0, "unique": NaN, "top": NaN, "freq": NaN, "mean": 15550.039584158418, "std": 6161.081698180025, "min": 1016.95, "25%": 15550.039584158416, "50%": 15550.039584158416, "75%": 16059.449999999999, "max": 29986.52}, "Closing Balance": {"count": 1000.0, "unique": NaN, "top": NaN, "freq": NaN, "mean": 1304934.75577, "std": 716022.0435385233, "min": 86243.75, "25%": 847979.435, "50%": 1134416.3599999999, "75%": 1949984.8775, "max": 2893241.47}, "Categories": {"count": 1000, "unique": 8, "top": "groceries", "freq": 139, "mean": NaN, "std": NaN, "min": NaN, "25%": NaN, "50%": NaN, "75%": NaN, "max": NaN}}}